{
  "accuracy": 0.6286594761171033,
  "f1_macro": 0.26384931940487494,
  "auc_macro_ovr": 0.5166177882474714
}