{
  "accuracy": 0.5548037889039242,
  "f1_macro": 0.28288339747553265,
  "auc_macro_ovr": 0.576080572947698
}