{
  "accuracy": 0.5441176470588235,
  "f1_macro": 0.33512244306113353,
  "auc_macro_ovr": 0.5491065265728516
}