{
  "accuracy": 0.4790257104194858,
  "f1_macro": 0.37217852516001915,
  "auc_macro_ovr": 0.5638013269698438
}