{
  "accuracy": 0.5548128342245989,
  "f1_macro": 0.38443480840875965,
  "auc_macro_ovr": 0.5772458920915655
}