{
  "accuracy": 0.625544267053701,
  "f1_macro": 0.2565476190476191,
  "auc_macro_ovr": 0.5
}