{
  "accuracy": 0.4772727272727273,
  "f1_macro": 0.3630324257643845,
  "auc_macro_ovr": 0.5401304765098699
}