{
  "accuracy": 0.5828877005347594,
  "f1_macro": 0.35952085486969204,
  "auc_macro_ovr": 0.5782041657568878
}