{
  "accuracy": 0.5093582887700535,
  "f1_macro": 0.3651192079710564,
  "auc_macro_ovr": 0.5557757799377878
}