{
  "accuracy": 0.5414438502673797,
  "f1_macro": 0.35741826870859134,
  "auc_macro_ovr": 0.5643619323483632
}