{
  "accuracy": 0.6348228043143297,
  "f1_macro": 0.2588752748978951,
  "auc_macro_ovr": 0.5078924847093619
}