{
  "accuracy": 0.5924895688456189,
  "f1_macro": 0.29701318569243096,
  "auc_macro_ovr": 0.5374006876354559
}