{
  "accuracy": 0.42379679144385024,
  "f1_macro": 0.33976989722543754,
  "auc_macro_ovr": 0.5496672446553671
}