{
  "accuracy": 0.5561497326203209,
  "f1_macro": 0.35297605039387103,
  "auc_macro_ovr": 0.5536773242201306
}